User_ID,Prob_High_Demand
User_1,0.9999992851229766
User_2,0.9999957541941258
User_3,0.9999980596418849
User_4,0.999996277489014
User_5,0.9999943073203197
User_6,0.9999949199793731
User_7,0.9999956308584661
User_8,0.999998989465334
User_9,0.9999931269349277
User_10,0.9999933264725318
User_11,0.9999976517384495
User_12,0.9999934124105464
User_13,0.9999926154836529
User_14,0.9999950450578419
User_15,0.9999994684782134
User_16,0.9999996905029251
User_17,0.9999982764564024
User_18,0.9999937710169131
User_19,0.9999946367098577
User_20,0.9999935161967963
User_21,0.9999991877513628
User_22,0.9999950780308278
User_23,0.9999933761466311
User_24,0.9999995508811158
User_25,0.9999928062456319
User_26,0.9999942447639565
User_27,0.9999985193711112
User_28,0.9999949479977506
User_29,0.999998654604568
User_30,0.9999958075229083
User_31,0.9999991712720926
User_32,0.9999977953990922
User_33,0.9999951216346765
User_34,0.9999943509126735
User_35,0.999995346168761
User_36,0.9999958943346232
User_37,0.9999994965788872
User_38,0.999998117659378
User_39,0.9999979370096459
User_40,0.9999936094697963
User_41,0.9999972311192
User_42,0.999999934426393
User_43,0.9999952968484314
User_44,0.9999970871467794
User_45,0.9999960654398103
User_46,0.9999969459680766
User_47,0.9999958320111466
User_48,0.9999948494218464
User_49,0.9999962619090103
User_50,0.9999973762381297
User_51,0.9999990063063223
User_52,0.9999952192375718
User_53,0.9999976519390403
User_54,0.9999980686496881
User_55,0.9999931082053384
User_56,0.9999958732798404
User_57,0.9999970118972266
User_58,0.9999987520707703
User_59,0.9999945364421514
User_60,0.9999971887151238
User_61,0.9999976437508052
User_62,0.9999986365007849
User_63,0.999996676708981
User_64,0.9999926023778904
User_65,0.9999930652083231
User_66,0.9999982213436356
User_67,0.999994252322989
User_68,0.9999931090263436
User_69,0.9999930730179992
User_70,0.9999957120114158
User_71,0.999994136568162
User_72,0.9999973079130506
User_73,0.9999975710997249
User_74,0.9999933043991078
User_75,0.9999973206579496
User_76,0.9999968538654412
User_77,0.999995249734584
User_78,0.999994205069057
User_79,0.9999940654711506
User_80,0.9999962592809822
User_81,0.9999940382283794
User_82,0.9999987338871518
User_83,0.999996670110061
User_84,0.9999955807220313
User_85,0.9999971043548542
User_86,0.9999945992662143
User_87,0.9999934824812746
User_88,0.9999989689365048
User_89,0.9999994391647611
User_90,0.9999928910418368
User_91,0.9999927366749393
User_92,0.9999956266696939
User_93,0.9999997924345934
User_94,0.9999994519166494
User_95,0.9999929621019555
User_96,0.999996482214063
User_97,0.9999950982150934
User_98,0.9999959703347874
User_99,0.9999997750701156
User_100,0.9999970400381781
User_101,0.9999964834305372
User_102,0.9999935660346169
User_103,0.9999935878426918
User_104,0.9999960761007383
User_105,0.9999994277443442
User_106,0.9999940453518766
User_107,0.9999958584827209
User_108,0.9999990118799356
User_109,0.9999992935459198
User_110,0.9999976203747318
User_111,0.9999942588917936
User_112,0.9999939874371975
User_113,0.9999948131677477
User_114,0.999992458794314
User_115,0.9999999271299113
User_116,0.9999945469573983
User_117,0.9999929724213168
User_118,0.9999959484964523
User_119,0.9999960044219074
User_120,0.9999935758735088
User_121,0.9999948796271347
User_122,0.9999945033872557
User_123,0.9999925453911223
User_124,0.9999948201087492
User_125,0.9999988727356435
User_126,0.9999925518095196
User_127,0.999997184872536
User_128,0.9999971044147147
User_129,0.9999956842881923
User_130,0.9999983830675139
User_131,0.9999988700877985
User_132,0.9999971292884678
User_133,0.9999950816655677
User_134,0.9999988365512265
User_135,0.9999978608719605
User_136,0.9999928663495881
User_137,0.9999951681259076
User_138,0.9999945134686674
User_139,0.9999991897797252
User_140,0.9999927891622031
User_141,0.9999974151757783
User_142,0.9999952686617782
User_143,0.9999984194623079
User_144,0.9999954111203133
User_145,0.9999987193492267
User_146,0.9999986910765102
User_147,0.9999967607706282
User_148,0.9999992608726245
User_149,0.9999945092717424
User_150,0.9999962304571837
User_151,0.99999440491203
User_152,0.9999986628854355
User_153,0.9999952045815603
User_154,0.9999965098158756
User_155,0.999996215689101
User_156,0.999995755503581
User_157,0.9999930412590807
User_158,0.9999965329918605
User_159,0.9999969196856295
User_160,0.9999975369276899
User_161,0.999993947177215
User_162,0.999998325388505
User_163,0.999996678869919
User_164,0.9999987781666143
User_165,0.9999949813688808
User_166,0.9999999978727978
User_167,0.9999982973439197
User_168,0.9999978587340037
User_169,0.9999973458920162
User_170,0.9999981122189969
User_171,0.9999929925707371
User_172,0.999995150012593
User_173,0.9999990946917261
User_174,0.9999969509289841
User_175,0.9999998129895414
User_176,0.9999997371312905
User_177,0.999993441434833
User_178,0.9999952077898508
User_179,0.9999984542142972
User_180,0.9999931106420891
User_181,0.9999992038906771
User_182,0.9999972116608824
User_183,0.999997042498684
User_184,0.9999946948723565
User_185,0.9999951545921433
User_186,0.9999946183601656
User_187,0.999997028676405
User_188,0.9999944107327805
User_189,0.9999942082525606
User_190,0.999993861571539
User_191,0.9999995730771548
User_192,0.9999978658497737
User_193,0.9999924949316732
User_194,0.9999967311297756
User_195,0.9999947409092118
User_196,0.999998369691661
User_197,0.9999995327027102
User_198,0.9999993803019493
User_199,0.999993060963251
User_200,0.9999976209303432
User_201,0.9999980145258222
User_202,0.9999948421571028
User_203,0.9999930792391353
User_204,0.9999981813654522
User_205,0.9999981527015028
User_206,0.9999998538614794
User_207,0.9999988070586969
User_208,0.999993903628345
User_209,0.9999925754608567
User_210,0.9999999948239948
User_211,0.9999990636535332
User_212,0.9999991827042487
User_213,0.9999967231754305
User_214,0.9999929914744231
User_215,0.9999962360011082
User_216,0.9999928908365687
User_217,0.9999958901413044
User_218,0.9999939792056282
User_219,0.9999947036512766
User_220,0.9999957379241549
User_221,0.9999928672703183
User_222,0.9999983094301951
User_223,0.9999929912903106
User_224,0.999999621219126
User_225,0.9999934093979472
User_226,0.9999950100347913
User_227,0.9999957993207695
User_228,0.9999932803730401
User_229,0.9999926831742942
User_230,0.9999998440171197
User_231,0.9999966296423648
User_232,0.9999993209726844
User_233,0.9999950136879954
User_234,0.999998083294614
User_235,0.9999932528035397
User_236,0.9999945925349127
User_237,0.9999928283081316
User_238,0.9999966683965117
User_239,0.9999933183508789
User_240,0.9999995510853634
User_241,0.9999946467648402
User_242,0.999998587948318
User_243,0.9999978584206279
User_244,0.9999986517260405
User_245,0.9999937201946463
User_246,0.9999945647184433
User_247,0.999992581915896
User_248,0.9999938336924752
User_249,0.9999954295919227
User_250,0.9999959067318264
User_251,0.9999951617913255
User_252,0.999997849459904
User_253,0.9999923780970639
User_254,0.9999983449945028
User_255,0.9999937363433148
User_256,0.9999928373982037
User_257,0.9999986971139125
User_258,0.9999987221408688
User_259,0.9999977929168804
User_260,0.9999975941131063
User_261,0.9999947356921848
User_262,0.9999979416043377
User_263,0.9999986950255744
User_264,0.9999963081535467
User_265,0.9999931476034127
User_266,0.9999966418472496
User_267,0.9999955358386946
User_268,0.9999994745348403
User_269,0.9999927483751561
User_270,0.99999889725127
User_271,0.9999953681288251
User_272,0.9999930600083589
User_273,0.9999952297973274
User_274,0.9999973263432138
User_275,0.9999967823188524
User_276,0.9999929708004407
User_277,0.9999999243095905
User_278,0.9999928560393582
User_279,0.9999979964520047
User_280,0.9999991104228766
User_281,0.9999950304485379
User_282,0.9999977997224226
User_283,0.9999927156138186
User_284,0.9999979745498446
User_285,0.999996847059268
User_286,0.9999967024538626
User_287,0.999997043840801
User_288,0.9999982798120853
User_289,0.9999927952054354
User_290,0.9999972642114423
User_291,0.9999953062024347
User_292,0.999994854612245
User_293,0.9999962402189596
User_294,0.9999963685110346
User_295,0.999992551439111
User_296,0.9999960425413343
User_297,0.9999944705938908
User_298,0.9999971813970334
User_299,0.9999945324804239
User_300,0.9999980241449484
User_301,0.9999985104276472
User_302,0.9999956695206087
User_303,0.9999941252600708
User_304,0.9999998182018742
User_305,0.9999941903559273
User_306,0.9999973142848821
User_307,0.9999925148315608
User_308,0.99999975483072
User_309,0.9999978040470778
User_310,0.9999954788875774
User_311,0.9999989512577931
User_312,0.999992812388984
User_313,0.9999976894927056
User_314,0.9999987893452593
User_315,0.9999963599134327
User_316,0.9999953350106916
User_317,0.9999932010574837
User_318,0.9999961201273069
User_319,0.9999960807896638
User_320,0.9999942740656438
User_321,0.9999991372716024
User_322,0.9999970794428126
User_323,0.9999982305705966
User_324,0.9999959427545093
User_325,0.9999975598319932
User_326,0.9999978022067063
User_327,0.9999962982347348
User_328,0.9999955182768128
User_329,0.9999983949397779
User_330,0.9999931922146109
User_331,0.999995081763078
User_332,0.9999927683888138
User_333,0.9999925255096314
User_334,0.9999994600944364
User_335,0.9999948988542038
User_336,0.9999925900263842
User_337,0.9999990910918395
User_338,0.9999952173030403
User_339,0.9999938194205327
User_340,0.9999985589450887
User_341,0.9999953131660644
User_342,0.999993861336676
User_343,0.9999966269792349
User_344,0.9999935445203317
User_345,0.9999974773704482
User_346,0.9999925783514828
User_347,0.9999959171781925
User_348,0.9999940061684077
User_349,0.9999992545941708
User_350,0.9999958906055493
User_351,0.9999992134227788
User_352,0.9999991910185877
User_353,0.9999943939850809
User_354,0.9999983288115106
User_355,0.9999950151059842
User_356,0.9999970083603363
User_357,0.9999986875404419
User_358,0.9999951380596652
User_359,0.9999969888655343
User_360,0.9999996096031795
User_361,0.9999928427546609
User_362,0.9999979967027527
User_363,0.9999946472049895
User_364,0.9999957526009353
User_365,0.9999999468625809
User_366,0.9999990939962105
User_367,0.9999973621719127
User_368,0.9999978580264599
User_369,0.9999966910473321
User_370,0.999993717585314
User_371,0.9999993912712235
User_372,0.9999934830038744
User_373,0.9999955710002599
User_374,0.999999093440702
User_375,0.9999993742220263
User_376,0.9999950530311348
User_377,0.9999978300509642
User_378,0.9999978840040548
User_379,0.9999954845561709
User_380,0.9999959762714891
User_381,0.9999955497987293
User_382,0.9999934790196049
User_383,0.9999978484644354
User_384,0.9999926379127457
User_385,0.9999935572976995
User_386,0.9999925750884149
User_387,0.9999970813066121
User_388,0.9999954600945785
User_389,0.9999976374895205
User_390,0.9999941641750156
User_391,0.999999751941683
User_392,0.9999949242228812
User_393,0.9999977364658437
User_394,0.999999124239386
User_395,0.9999980366893346
User_396,0.9999990993914555
User_397,0.9999976426722104
User_398,0.9999951957017599
User_399,0.9999961520530904
User_400,0.9999966019652285
